Year,MSE,RMSE,MAE,R2,Directional Accuracy
2020,555.9907090894158,23.579455233092553,16.747296567511384,0.0029545711350800197,0.48221343873517786
2021,282.81508947927205,16.817107048457295,11.716854302451749,-0.006489882105117584,0.5555555555555556
2022,309.42614234767325,17.59051285061562,13.486323437636948,0.004687758206468495,0.5179282868525896
2023,260.92847812501736,16.153280723277774,11.881374041297242,-0.001355097334422739,0.5
2024,529.0217531614836,23.00047288995345,17.274922115785014,-0.007786266473111869,0.5869565217391305
